X,Y,Name,description,Sea State,Description2,Long,Time (HST),Lat,Debris Categories,Date,Field_1,Time (PDT),Debris Types
-126.516666666706,43.7500000002042,1215,Large red lightbulb,"F3 NW, 5-6' ww",,-126.516667,1215,43.75,3,7/9/2012,1215,,
-155.736200000185,29.623016667048,1512,Partial milk crate,"F4 E, 4-6' ww",,-155.7362,,29.623017,,8/5/2012,1512,1512,2
-125.949999999885,43.6166666666818,1445,Black ball,"F3 NW, 5-6' ww",,-125.95,1445,43.616667,2,7/9/2012,1445,,
-125.966666667032,43.5833333336141,1455,White ball,"F3 NW, 5-6' ww",,-125.966667,1455,43.583333,2,7/9/2012,1455,,
-125.98333333328,43.5333333331871,1515,White float,"F3 NW, 5-6' ww",,-125.983333,1515,43.533333,2,7/9/2012,1515,,
-126.150000000256,43.5166666663807,1527,Black ball,"F3 NW, 5-6' ww",,-126.15,1527,43.516667,2,7/9/2012,1527,,
-125.05,43.3833333334071,1637,Orange round float,"F3 NW, 5-6' ww",,-125.05,1637,43.383333,7,7/9/2012,1637,,
-127.016666666736,41.7000000002866,0530,Large black boat float w/ fender,"F6 NW, 8-10' ww",,-127.016667,0530,41.7,7,7/10/2012,0530,,
-127.35,41.35,0800,"Large red lightbulb, 8"" dia","F6 NW, 8-10' ww",,-127.35,0800,41.35,3,7/10/2012,0800,,
-127.683333333742,40.6166666666924,1328,"Large 20"" dia black plastic ball","F6 NW, 8-10' ww",,-127.683333,1328,40.616667,7,7/10/2012,1328,,
-127.866666666967,40.2833333332914,1545,Small yellow float w/ line,"F6 NW, 8-10' ww",,-127.866667,1545,40.283333,7,7/10/2012,1545,,
-134.799999999701,38.5833333333104,1714,Small orange float,"F6 NW, 8-10' ww",,-134.8,1714,38.583333,7,7/10/2012,1714,,
-134.799999999701,38.5833333333104,1716,3' dia  white foam,"F6 NW, 8-10' ww",,-134.8,1716,38.583333,1,7/10/2012,1716,,
-131.466666666466,35.9999999996783,0458,"2 floats 50' apart, connected?","F3 NW, 3-5"" ww",,-131.466667,0458,36,7,7/12/2012,0458,,
-131.466666666466,35.9999999996783,0458,Plastic water bottle w/ marine growth,"F3 NW, 3-5"" ww",,-131.466667,0458,36,2,7/12/2012,0458,,
-131.466666666466,35.9999999996783,0458,Several pieces (hand sized) white foam,"F3 NW, 3-5"" ww",,-131.466667,0458,36,1,7/12/2012,0458,,
-125.05,47.91666666641,0255,Small styrofoam,"F3 NW, 2' ww",,-125.05,0255,47.916667,1,7/8/2012,0255,,
-125.366666666816,46.65,1255,Small styrofoam,"F5 NW, 6-8' ww",,-125.366667,1255,46.65,1,7/8/2012,1255,,
-125.383333333064,46.5833333334579,1319,Small orange stryofoam,"F5 NW, 6-8' ww",,-125.383333,1319,46.583333,1,7/8/2012,1319,,
-125.41666666646,46.4333333335167,1426,1' dia black plastic ball with marine growth,"F4 NW, 6-8' ww",,-125.416667,1426,46.433333,7,7/8/2012,1426,,
-125.466666667002,46.266666666367,1531,Small styrofoam,"F4 NW, 6-8' ww",,-125.466667,1531,46.266667,1,7/8/2012,1531,,
-125.48333333325,46.216666666777,1555,Small styrofoam,"F4 NW, 6-8' ww",,-125.483333,1555,46.216667,1,7/8/2012,1555,,
-125.05,46.1500000001293,1626,1' dia orange plastic ball with marine growth,"F4 NW, 6-8' ww",,-125.05,1626,46.15,7,7/8/2012,1626,,
-125.05,46.1500000001293,1626,Small styrofoam,"F4 NW, 6-8' ww",,-125.05,1626,46.15,1,7/8/2012,1626,,
-125.533333332894,46.0500000003026,1707,Small styrofoam,"F4 NW, 5-7' ww",,-125.533333,1707,46.05,1,7/8/2012,1707,,
-125.533333332894,46.0333333334625,1717,Small white boat fender,"F4 NW, 5-7' ww",,-125.533333,1717,46.033333,7,7/8/2012,1717,,
-126.349999999729,44.3166666663712,0745,1' dia black plastic ball,"F3 NW, 5-6' ww",,-126.35,0745,44.316667,7,7/9/2012,0745,,
-126.26666666669,44.2000000001427,0858,Medium yellow styrofoam,"F3 NW, 5-6' ww",,-126.266667,0858,44.2,7,7/9/2012,0858,,
-126.26666666669,44.2000000001427,0858,White fishing float with small length of line,"F3 NW, 5-6' ww",,-126.266667,0858,44.2,7,7/9/2012,0858,,
-126.26666666669,44.2000000001427,0859,Medium yellow styrofoam,"F3 NW, 5-6' ww",,-126.266667,0859,44.2,1,7/9/2012,0859,,
-126.250000000442,44.2000000001427,0910,3 pieces of small yellow foam,"F3 NW, 5-6' ww",,-126.25,0910,44.2,1,7/9/2012,0910,,
-126.250000000442,44.1833333331337,0912,"4"" x  10"" yellow foam","F3 NW, 5-6' ww",,-126.25,0912,44.183333,1,7/9/2012,0912,,
-126.250000000442,44.1833333331337,0915,1' dia black plastic ball,"F3 NW, 5-6' ww",,-126.25,0915,44.183333,7,7/9/2012,0915,,
-126.250000000442,44.1833333331337,0916,Blue ball buoy on matte of sea life,"F3 NW, 5-6' ww",,-126.25,0916,44.183333,7,7/9/2012,0916,,
-126.233333333295,44.0166666664265,0920,1' dia black plastic ball,"F3 NW, 5-6' ww",,-126.233333,0920,44.016667,7,7/9/2012,0920,,
-126.083333333466,44.05,1040,"1 gal white jug & 4""x4"" yellow foam","F3 NW, 5-6' ww",,-126.083333,1040,44.05,2,7/9/2012,1040,,
-126.066666666319,44.033333333364,1050,1' dia black plastic ball,"F3 NW, 5-6' ww",,-126.066667,1050,44.033333,7,7/9/2012,1050,,
-126.933333333697,43.9666666665175,1140,"6"" white plastic ball","F3 NW, 5-6' ww",,-126.933333,1140,43.966667,2,7/9/2012,1140,,
-131.466666666466,35.9999999996783,0458,White/yellow float,"F3 NW, 3-5"" ww",,-131.466667,0458,36,7,7/12/2012,0458,,
-131.6,35.8666666668544,0615,Yellow foam,"F3 NW, 3-5"" ww",,-131.6,0615,35.866667,1,7/12/2012,0615,,
-131.6,35.8666666668544,0620,1'x1' block of white foam,"F3 NW, 3-5"" ww",,-131.6,0620,35.866667,1,7/12/2012,0620,,
-132.050000000433,35.5166666664528,1000,Big black boat fender,"F3 NW, 3-5"" ww",,-132.05,1000,35.516667,7,7/12/2012,1000,,
-132.416666666882,35.4833333331608,1020,Round black ball,"F3 NW, 3-5"" ww",,-132.416667,1020,35.483333,2,7/12/2012,1020,,
-132.149999999721,35.4500000001242,1045,Small white foam,"F3 NW, 3-5"" ww",,-132.15,1045,35.45,1,7/12/2012,1045,,
-132.033333333286,35.183333333345,1334,Small piece white foam,"F4 NW, 5-6' ww",,-132.033333,1334,35.183333,1,7/12/2012,1334,,
-132.050000000433,35.016666666539,1338,"1"" dia black plastic ball","F4 NW, 5-6' ww",,-132.05,1338,35.016667,1,7/12/2012,1338,,
-132.050000000433,35.016666666539,1338,Small piece white foam,"F4 NW, 5-6' ww",,-132.05,1338,35.016667,1,7/12/2012,1338,,
-132.050000000433,35.016666666539,1338,Small piece white foam,"F4 NW, 5-6' ww",,-132.05,1338,35.016667,1,7/12/2012,1338,,
-132.566666666712,35.1499999997972,1405,"1"" dia black plastic ball","F4 NW, 5-6' ww",,-132.566667,1405,35.15,2,7/12/2012,1405,,
-132.483333333673,35.1166666668271,1436,Small white foam,"F4 NW, 5-6' ww",,-132.483333,1436,35.116667,1,7/12/2012,1436,,
-132.700000000293,35.0833333333809,1457,2' box & yellow foam,"F4 NW, 5-6' ww",,-132.7,1457,35.083333,1,7/12/2012,1457,,
-132.75,35.0666666664153,1516,Car tire w/ rim & marine growth,"F4 NW, 5-6' ww",,-132.75,1516,35.066667,6,7/12/2012,1516,,
-132.75,35.0333333335054,1540,"1"" diam orange plastic ball","F4 NW, 5-6' ww",,-132.75,1540,35.033333,2,7/12/2012,1540,,
-132.816666666727,35.0333333335054,1545,Plastic bottle,"F4 NE, 5-6' ww",,-132.816667,1545,35.033333,2,7/12/2012,1545,,
-132.75,35.0333333335054,1545,Several pieces (hand sized) white foam,"F4 NE, 5-6' ww",,-132.75,1545,35.033333,1,7/12/2012,1545,,
-135.866666666552,35.0000000002628,1608,3'x4' pallet shaped board,"F4 NE, 5-6' ww",,-135.866667,1608,35,5,7/12/2012,1608,,
-135.866666666552,35.0000000002628,1610,2'x2' white foam,"F4 NE, 5-6' ww",,-135.866667,1610,35,1,7/12/2012,1610,,
-134.466666666647,34.2499999998846,0520,Small white foam,"F4 NE, 5-6' ww",,-134.466667,0520,34.25,1,7/13/2012,0520,,
-134.466666666647,34.2499999998846,0522,Small plastic spatula,"F4 NE, 5-6' ww",,-134.466667,0522,34.25,2,7/13/2012,0522,,
-134.466666666647,34.2499999998846,0522,Small white foam,"F4 NE, 5-6' ww",,-134.466667,0522,34.25,1,7/13/2012,0522,,
-136.033333333528,33.9499999996395,0930,"3""x8"" orange foam","F4 NE, 5-6' ww",,-136.033333,0930,33.95,1,7/13/2012,0930,,
-136.033333333528,33.9499999996395,0938,5 gallon plastic bucket,"F4 NE, 5-6' ww",,-136.033333,0938,33.95,2,7/13/2012,0938,,
-135.566666666893,33.8166666663454,1302,Big piece orange foam,"F4 NE, 5-6' ww",,-135.566667,1302,33.816667,1,7/13/2012,1302,,
-135.566666666893,33.8166666663454,1307,1' dia black plastic ball,"F4 NE, 5-6' ww",,-135.566667,1307,33.816667,7,7/13/2012,1307,,
-135.566666666893,33.8166666663454,1315,Small white foam,"F4 NE, 5-6' ww",,-135.566667,1315,33.816667,1,7/13/2012,1315,,
-135.65,33.8000000003222,1335,1' dia black plastic ball,"F4 NE, 5-6' ww",,-135.65,1335,33.8,7,7/13/2012,1335,,
-135.066666666863,33.7833333329825,1350,Yellow fishing buoy,"F4 NE, 5-6' ww",,-135.066667,1350,33.783333,7,7/13/2012,1350,,
-135.716666666722,33.7666666669997,1401,1' dia white foam,"F4 NE, 5-6' ww",,-135.716667,1401,33.766667,1,7/13/2012,1401,,
-135.083333333111,33.7333333333635,1450,1' dia black plastic ball,"F4 NE, 5-6' ww",,-135.083333,1450,33.733333,2,7/13/2012,1450,,
-136.033333333528,33.6833333336536,1605,Big 3' long white float,"F4 NE, 5-6' ww",,-136.033333,1605,33.683333,7,7/13/2012,1605,,
-136.366666666582,33.5500000000116,1827,Large 4' dia black ball,"F4 NE, 5-6' ww",,-136.366667,1827,33.55,7,7/13/2012,1827,,
-138.449999999742,32.9833333330099,0525,1' dia black plastic ball,"F4 NE, 4-5' ww",,-138.45,0525,32.983333,7,7/14/2012,0525,,
-138.449999999742,32.8999999998504,0723,Big red light bulb,"F4 NE, 4-5' ww",,-138.45,0723,32.9,3,7/14/2012,0723,,
-138.449999999742,32.8999999998504,0730,2 liter green pop bottle,"F4 NE, 4-5' ww",,-138.45,0730,32.9,2,7/14/2012,0730,,
-138.466666666889,32.8666666663953,0831,Small white foam,"F4 NE, 4-5' ww",,-138.466667,0831,32.866667,1,7/14/2012,0831,,
-138.483333333137,32.0833333336819,0915,"Ball of 1/2"" dia line bunched up","F4 NE, 4-5' ww",,-138.483333,0915,32.083333,8,7/14/2012,0915,,
-138.583333333323,32.8000000000113,0955,White water bottle,"F4 NE, 4-5' ww",,-138.583333,0955,32.8,2,7/14/2012,0955,,
-138.699999999757,32.7833333332258,1035,Big red light bulb,"F4 NE, 4-5' ww",,-138.7,1035,32.783333,3,7/14/2012,1035,,
-135.4,32.8166666669637,1255,1' dia child's green play ball,"F4 NE, 4-5' ww",,-135.4,1255,32.816667,2,7/14/2012,1255,,
-139.283333333724,32.7,1402,Yellow/orange ball,"F3 NE, 3-5' ww",,-139.283333,1402,32.7,2,7/14/2012,1402,,
-139.466666666949,32.4500000003213,1517,Softball sized orange foam,"F3 NE, 3-5' ww",,-139.466667,1517,32.45,1,7/14/2012,1517,,
-139.466666666949,32.6000000002564,1620,"6"" dia glass ball","F3 NE, 3-5' ww",,-139.466667,1620,32.6,3,7/14/2012,1620,,
-139.05,32.5666666670129,1630,"10"" dia orange foam","F3 NE, 3-5' ww",,-139.05,1630,32.566667,7,7/14/2012,1630,,
-140.949999999893,31.0333333333825,0624,"8"" dia orange foam","F5 NE, 6-8' ww",,-140.95,0624,31.033333,7,7/15/2012,0624,,
-141.000000000435,31.2333333331634,0714,Aerosol can w/ marine growth,"F5 NE, 6-8' ww",,-141,0714,31.233333,4,7/15/2012,0714,,
-141.016666666684,31.2000000001307,0727,1' square blue plastic sheet,"F5 NE, 6-8' ww",,-141.016667,0727,31.2,2,7/15/2012,0727,,
-141.099999999722,31.016666666486,0855,Pill bottle,"F5 NE, 6-8' ww",,-141.1,0855,31.016667,2,7/15/2012,0855,,
-141.099999999722,31.016666666486,0855,Plastic picnic knife,"F5 NE, 6-8' ww",,-141.1,0855,31.016667,2,7/15/2012,0855,,
-141.116666666869,30.9666666663751,0910,"24"" long yellow rope","F5 NE, 6-8' ww",,-141.116667,0910,30.966667,8,7/15/2012,0910,,
-141.150000000264,30.916666666505,0947,"12"" dia foam float","F5 NE, 6-8' ww",,-141.15,0947,30.916667,7,7/15/2012,0947,,
-141.016666666684,30.849999999621,1020,"10"" square green plastic sheet","F5 NE, 6-8' ww",,-141.016667,1020,30.85,2,7/15/2012,1020,,
-141.016666666684,30.849999999621,1025,Cluster of 5 white foam pieces & white bottle,"F5 NE, 6-8' ww",,-141.016667,1025,30.85,1,7/15/2012,1025,,
-141.016666666684,30.849999999621,1030,30' dia mass of green rope/weeds,"F5 NE, 6-8' ww",,-141.016667,1030,30.85,8,7/15/2012,1030,,
-141.249999999552,30.8166666663923,1037,Beer bottle,"F5 NE, 6-8' ww",,-141.25,1037,30.816667,3,7/15/2012,1037,,
-141.249999999552,30.8166666663923,1039,Plastic 1-quart oil bottle,"F5 NE, 6-8' ww",,-141.25,1039,30.816667,2,7/15/2012,1039,,
-141.2,30.7999999998043,1047,Several plastic & foam items,"F5 NE, 6-8' ww",,-141.2,1047,30.8,2,7/15/2012,1047,,
-141.216666667055,30.7833333336233,1101,"Large 10"" dia pile of rope","F5 NE, 6-8' ww",,-141.216667,1101,30.783333,8,7/15/2012,1101,,
-141.283333332947,30.6833333334063,1145,2'x3' yellow foam,"F5 NE, 6-8' ww",,-141.283333,1145,30.683333,1,7/15/2012,1145,,
-141.316666666342,30.6333333331253,1215,1' dia orange plastic ball,"F5 NE, 6-8' ww",,-141.316667,1215,30.633333,7,7/15/2012,1215,,
-141.349999999737,30.5833333337072,1245,Green bunch of fishing net 6'x6',"F5 NE, 6-8' ww",,-141.35,1245,30.583333,8,7/15/2012,1245,,
-142.583333333565,28.599999999662,0656,1' dia orange plastic float,"F5 NE, 6-8' ww",,-142.583333,0656,28.6,7,7/16/2012,0656,,
-142.9,28.4833333333558,0820,1' dia orange plastic float,"F5 NE, 6-8' ww",,-142.9,0820,28.483333,7,7/16/2012,0820,,
-143.05,28.3666666664721,0915,"1'x4'x6"" cement plank","F5 NE, 6-8' ww",,-143.05,0915,28.366667,8,7/16/2012,0915,,
-143.733333333454,27.5999999997957,1611,"Mass of green netting 36"" diam","F5 NE, 6-8' ww",,-143.733333,1611,27.6,8,7/16/2012,1611,,
-149.049999999664,26.0333333333844,1025,Water bottle,"F5 NE, 6-8' ww",,-149.05,1025,26.033333,2,7/18/2012,1025,,
-148.06666666675,26.1333333335416,1045,"6""x6""x3"" white foam","F5 NE, 6-8' ww",,-148.066667,1045,26.133333,1,7/18/2012,1045,,
-149.066666666811,26.0166666669035,1155,1' cubic yellow foam,"F5 NE, 6-8' ww",,-149.066667,1155,26.016667,1,7/18/2012,1155,,
-158.983333333478,22.9500000003748,2133,Small orange fishing float,"F3 E, 4-5' ww",,-158.983333,,22.95,,8/2/2012,2133,2133,7
-157.96666666627,24.3833333332055,1221,Large red light bulb,"F4 E, 4-5' ww",,-157.966667,,24.383333,,8/3/2012,1221,1221,3
-156.367950000107,26.9874833331543,1350,Tangled rope,"F3 E, 4-5' ww",,-156.36795,,26.987483,,8/4/2012,1350,1350,8
-156.343133333409,27.0304500002196,1420,5 gallon plastic bucket,"F3 E, 4-5' ww",,-156.343133,,27.03045,,8/4/2012,1420,1420,2
-156.340483332966,27.0358166667765,1422,Small plastic bottle,"F4 E, 3-5' ww",,-156.340483,,27.035817,,8/4/2012,1422,1422,2
-156.253433333626,27.2686833334878,1634,1' dia. white plastic ball,"F4 E, 3-5' ww",,-156.253433,,27.268683,,8/4/2012,1634,1634,7
-156.249499999968,27.2856166666824,1643,8' length of heavy rope,"F4 E, 3-5' ww",,-156.2495,,27.285617,,8/4/2012,1643,1643,8
-156.243816666389,27.3076666669248,1656,Small plastic toy squirt gun,"F4 E, 3-5' ww",,-156.243817,,27.307667,,8/4/2012,1656,1656,2
-156.217783333148,27.4452666666111,1809,6' dia. pile of fish netting,"F4 E, 3-5' ww",,-156.217783,,27.445267,,8/4/2012,1809,1809,8
-156.209700000269,27.4730166669736,1825,"Plastic sign, 18"" across","F4 E, 3-5' ww",,-156.2097,,27.473017,,8/4/2012,1825,1825,2
-156.205783333054,27.4863666663341,1832,"12"" dia x 1"" thick light green foam","F4 E, 3-5' ww",,-156.205783,,27.486367,,8/4/2012,1832,1832,1
-156.176383333317,27.6232000003289,1944,2' long frayed rope,"F4 E, 3-5' ww",,-156.176383,,27.6232,,8/4/2012,1944,1944,8
-155.942000000138,29.3461333002279,1218,"6"" piece white plastic","F3 E, 3-4' ww",,-155.942,,29.346133,,8/5/2012,1218,1218,2
-155.942533333515,29.3461333331155,1218,"Large red light bulb & 6"" piece white plastic","F3 E, 3-4' ww",,-155.942533,,29.346133,,8/5/2012,1218,1218,3
-155.913783333159,29.4098499996794,1259,"6"" chunk of styrofoam","F3 E, 3-5' ww",,-155.913783,,29.40985,,8/5/2012,1259,1259,1
-155.835166666503,29.5108333333079,1358,1' dia plastic disc (bucket lid),"F4 E, 4-6' ww",,-155.835167,,29.510833,,8/5/2012,1358,1358,2
-155.500000000413,29.4999999997556,1415,Plastic bottle & sponge,"F4 E, 4-6' ww",,-155.5,,29.5,,8/5/2012,1415,1415,2
-155.500000000413,29.4999999997556,1418,"6""x 6"" plastic","F4 E, 4-6' ww",,-155.5,,29.5,,8/5/2012,1418,1418,2
-155.500000000413,29.4999999997556,1420,5 gallon white plastic bucket,"F4 E, 4-6' ww",,-155.5,,29.5,,8/5/2012,1420,1420,2
-155.500000000413,29.4999999997556,1427,"4"" x 4"" plastic","F4 E, 4-6' ww",,-155.5,,29.5,,8/5/2012,1427,1427,2
-155.667016666295,29.7146666668953,1618,Fishing buoy,"F4 E, 4-6' ww",,-155.667017,,29.714667,,8/5/2012,1618,1618,7
-155.562066666823,29.8209833334991,1727,Fishing buoy,"F4 SE, 2-4' ww",,-155.562067,,29.820983,,8/5/2012,1727,1727,7
-155.555016666914,29.8573166670406,1755,Glass bottle,"F3 E, 1-2' ww",,-155.555017,,29.857317,,8/5/2012,1755,1755,3
-155.536050000026,29.8860833332123,1818,"Hair brush, gasket seal","F3 E, 3-4' ww",,-155.53605,,29.886083,,8/5/2012,1818,1818,2
-155.461949999736,29.9650500000152,1918,Small white plastic box,"F3 E, 3-4' ww",,-155.46195,,29.96505,,8/5/2012,1918,1918,2
-155.286300000256,30.2245000003326,2219,"8"" dia white plastic bucket lid","F3 E, 3-4' ww",,-155.2863,,30.2245,,8/5/2012,2219,2219,2
-154.536016667078,31.3135666664728,1024,"6""x8"" piece of flat plastic","F3 E, 3-4' ww",,-154.536017,,31.313567,,8/6/2012,1024,1024,2
-154.533333333748,31.3000000000219,1032,"3"" square flat plastic","F3 E, 3-4' ww",,-154.533333,,31.3,,8/6/2012,1032,1032,2
-154.519483333276,31.3328333333107,1036,"4"" square piece of red foam","F3 E, 3-4' ww",,-154.519483,,31.332833,,8/6/2012,1036,1036,1
-154.511299999939,31.3411499996815,1044,"3"" white plastic","F3 E, 3-4' ww",,-154.5113,,31.34115,,8/6/2012,1044,1044,2
-154.50873333351,31.3446833330796,1046,"6""x2"" white foam","F3 E, 3-4' ww",,-154.508733,,31.344683,,8/6/2012,1046,1046,1
-154.523766666739,31.3571499998205,1051,"5"" dia x1"" thick white foam","F3 E, 3-4' ww",,-154.523767,,31.35715,,8/6/2012,1051,1051,1
-154.483333333206,31.3500000003519,1055,"5"" dia x1"" thick white foam","F3 E, 3-4' ww",,-154.483333,,31.35,,8/6/2012,1055,1055,1
-154.483333333206,31.3500000003519,1059,"2'x1' x 1"" thick white foam","F3 E, 3-4' ww",,-154.483333,,31.35,,8/6/2012,1059,1059,1
-154.38333333302,31.4833333336496,1225,"6"" dia foam","F3 E, 3-4' ww",,-154.383333,,31.483333,,8/6/2012,1225,1225,1
-154.366666666771,31.4999999997112,1237,"8"" long orange bottle","F3 E, 3-4' ww",,-154.366667,,31.5,,8/6/2012,1237,1237,2
-154.353329999586,31.6333000002659,1244,rope/electrical chord,"F3 E, 3-4' ww",,-154.35333,,31.6333,,8/6/2012,1244,1244,8
-154.349999999625,31.599999999767,1244,"6"" piece foam & 18"" dia black float","F3 E, 3-4' ww",,-154.35,,31.6,,8/6/2012,1244,1244,1
-154.349999999625,31.5166666666766,1246,"12""x8""x8"" plastic case","F3 E, 3-4' ww",,-154.35,,31.516667,,8/6/2012,1246,1246,2
-154.349999999625,31.5166666666766,1247,"Two 2"" dia pieces of white foam","F3 E, 3-4' ww",,-154.35,,31.516667,,8/6/2012,1247,1247,1
-154.349999999625,31.5166666666766,1248,Yellow can lid,"F3 E, 3-4' ww",,-154.35,,31.516667,,8/6/2012,1248,1248,2
-154.357050000432,31.5333333336073,1252,"Two 4"" long pieces of white foam","F3 E, 3-4' ww",,-154.35705,,31.533333,,8/6/2012,1252,1252,1
-154.355483333187,31.5333333336073,1254,small orange float,"F3 E, 3-4' ww",,-154.355483,,31.533333,,8/6/2012,1254,1254,7
-154.355483333187,31.5333333336073,1254,6' long piece of line with small orange float,"F3 E, 3-4' ww",,-154.355483,,31.533333,,8/6/2012,1254,1254,8
-154.349999999625,31.5333333336073,1255,"Two 6"" square pieces of white foam","F3 E, 3-4' ww",,-154.35,,31.533333,,8/6/2012,1255,1255,1
-154.353666666595,31.5333333336073,1257,"4' long 1"" dia yellow rope","F3 E, 3-4' ww",,-154.353667,,31.533333,,8/6/2012,1257,1257,8
-154.333333333376,31.5500000003289,1301,"3"" dia orange lid","F3 E, 3-4' ww",,-154.333333,,31.55,,8/6/2012,1301,1301,2
-154.712199999936,31.5333333336073,1304,"6"" long piece of foam","F3 E, 3-4' ww",,-154.7122,,31.533333,,8/6/2012,1304,1304,1
-154.333333333376,31.633333332997,1305,"White lid, brown bottle","F3 E, 3-4' ww",,-154.333333,,31.633333,,8/6/2012,1305,1305,2
-154.333333333376,31.633333332997,1307,Orange plastic crab measurer,"F3 E, 3-4' ww",,-154.333333,,31.633333,,8/6/2012,1307,1307,2
-154.333333333376,31.633333332997,1308,"Two 4-6"" chunks of foam","F3 E, 3-4' ww",,-154.333333,,31.633333,,8/6/2012,1308,1308,1
-154.09589999972,31.8683800000535,1736,"1 gallon plastic jug, 36""x20"" wad of fish net",F1 variable,,-154.0959,,31.86838,,8/6/2012,1736,1736,2
-154.09589999972,31.8683833331902,1736,"1 gallon plastic jug, 36""x20"" wad of fish net",F1 variable,,-154.0959,,31.868383,,8/6/2012,1736,1736,8
-154.094733333406,31.8739333337041,1739,8' dia ball of fish netting,F1 variable,,-154.094733,,31.873933,,8/6/2012,1739,1739,8
-154.078883333667,31.9349166666514,1823,Small glass bottle (capped),F1 variable,,-154.078883,,31.934917,,8/6/2012,1823,1823,3
-154.077000000402,31.9382166668137,1826,Green 2-liter plastic bottle,F1 variable,,-154.077,,31.938217,,8/6/2012,1826,1826,2
-154.052516667065,32.0354822223032,1937,Truck tire w/ rim & plastic bottle,F1 variable,,-154.052517,,32.035482,,8/6/2012,1937,1937,2
-154.052516667065,32.0354833333603,1937,Truck tire w/ rim & plastic bottle,F1 variable,,-154.052517,,32.035483,,8/6/2012,1937,1937,4
-154.05251700034,32.0354800001889,1937,Truck tire w/ rim & plastic bottle,F1 variable,,-154.052517,,32.03548,,8/6/2012,1937,1937,6
-154.037916666756,32.0795833334132,2012,White plastic bottle,F1 variable,,-154.037917,,32.079583,,8/6/2012,2012,2012,2
-154.032699999883,32.0986166663066,2028,Clear plastic bottle,F1 variable,,-154.0327,,32.098617,,8/6/2012,2028,2028,2
-154.029016666469,32.1061,2034,8' dia ball of fish netting,F1 variable,,-154.029017,,32.1061,,8/6/2012,2034,2034,8
-154.027716666811,32.1097500002005,2037,"24"" dia orange float",F1 variable,,-154.027717,,32.10975,,8/6/2012,2037,2037,7
-154.02421666697,32.1255833335689,2048,1' long block of white foam,F1 variable,,-154.024217,,32.125583,,8/6/2012,2048,2048,1
-154.023416666904,32.1304499997088,2051,Two plastic bottles,F1 variable,,-154.023417,,32.13045,,8/6/2012,2051,2051,2
-153.255666666514,33.1166666667209,1020,"18"" float",F1 variable,,-153.255667,,33.116667,,8/7/2012,1020,1020,7
-153.199983333291,33.1881332998207,1120,"6"" piece foam & 18"" dia black float","F2 WNW, 1' ww",,-153.199983,,33.188133,,8/7/2012,1120,1120,7
-153.199983333291,33.1880999997179,1120,"6"" piece foam & 18"" dia black float","F2 WNW, 1' ww",,-153.199983,,33.1881,,8/7/2012,1120,1120,1
-153.140866666901,33.2923833335231,1225,"5""x7"" black foam & rope mass","F3W, 2' ww",,-153.140867,,33.292383,,8/7/2012,1225,1225,8
-153.140866666901,33.2923800003485,1225,"5""x7"" black foam & rope mass","F3W, 2' ww",,-153.140867,,33.29238,,8/7/2012,1225,1225,1
-153.138749999834,33.2979999999457,1227,"24"" dia orange float","F3W, 2' ww",,-153.13875,,33.298,,8/7/2012,1227,1227,7
-153.006666666582,33.4754166664892,1429,"10"" dia white float","F3, 3' ww",,-153.006667,,33.475417,,8/7/2012,1429,1429,7
-153.006666666582,33.4754166664892,1439,"10"" dia black float","F3, 3' ww",,-153.006667,,33.475417,,8/7/2012,1439,1439,7
-152.985949999774,33.5006000003481,1448,"10"" sqr x 4"" deep electronics type box","F3, 3' ww",,-152.98595,,33.5006,,8/7/2012,1448,1448,2
-152.980016666848,33.5075333335791,1453,"18"" sqr piece of white fiberglass","F3, 3' ww",,-152.980017,,33.507533,,8/7/2012,1453,1453,3
-152.970700000084,33.5184833334612,1500,"12"" dia gray plastic buoy","F3, 3' ww",,-152.9707,,33.518483,,8/7/2012,1500,1500,7
-152.953166667097,33.5231000002507,1505,"8"" long silver aerosol can","F3, 3' ww",,-152.953167,,33.5231,,8/7/2012,1505,1505,4
-158.715033333296,33.5817833333257,1547,16 oz. coke bottle,"F3, 3' ww",,-158.715033,,33.581783,,8/7/2012,1547,1547,3
-152.92890000022,33.667099999724,1655,Small brown glass medicine bottle,"F2 NW, 1-2' ww",,-152.9289,,33.6671,,8/7/2012,1655,1655,3
-152.92890000022,33.667099999724,1655,Lot of microplastics visible,"F2 NW, 1-2' ww",,-152.9289,,33.6671,,8/7/2012,1655,1655,2
-152.8438,33.6690833336653,1657,8' dia pile of rope,"F2 NW, 1-2' ww",,-152.8438,,33.669083,,8/7/2012,1657,1657,8
-152.839200000438,33.674199999961,1703,3'x3' wooden crate & small piece white foam,"F2 NW, 1-2' ww",,-152.8392,,33.6742,,8/7/2012,1703,1703,5
-152.839222000179,33.6742200000056,1703,3'x3' wooden crate & small piece white foam,"F2 NW, 1-2' ww",,-152.839222,,33.67422,,8/7/2012,1703,1703,1
-152.834083333123,33.6796666666719,1711,"18"" long chunk of frayed rope","F2 NW, 1-2' ww",,-152.834083,,33.679667,,8/7/2012,1711,1711,8
-152.781466666821,33.7378166663904,1810,"6"" piece of white plastic","F2 NW, 1-2' ww",,-152.781467,,33.737817,,8/7/2012,1810,1810,2
-152.755883332944,33.7670500000406,1838,*** Start of large debris field ***,"F2 NW, 1-2' ww",,-152.755883,,33.76705,,8/7/2012,1838,1838,8
-152.741133333745,33.788,1855,"12"" dia red plastic buoy (recovered)","F2 NW, 1-2' ww",,-152.741133,,33.788,,8/7/2012,1855,1855,7
-152.722733333122,33.8111833333068,1921,Plastic bottle,F1 variable,,-152.722733,,33.811183,,8/7/2012,1921,1921,2
-152.722733333122,33.8111833333068,1921,*** End of large debris field ***,F1 variable,,-152.722733,,33.811183,,8/7/2012,1921,1921,8
-152.718483333444,33.8174333331352,1925,1' dia black plastic float,F1 variable,,-152.718483,,33.817433,,8/7/2012,1925,1925,7
-152.71671666708,33.8204166667847,1927,"24"" dia blue plastic float & white plastic bottle",F1 variable,,-152.716717,,33.820417,,8/7/2012,1927,1927,7
-152.71671666708,33.820416999638,1927,"24"" dia blue plastic float & white plastic bottle",F1 variable,,-152.716717,,33.820417,,8/7/2012,1927,1927,2
-152.710566666796,33.828400000067,1934,8' dia tangle of rope,F1 variable,,-152.710567,,33.8284,,8/7/2012,1934,1934,8
-152.69576666647,33.8501833334642,1950,"10"" long piece of green plastic",F1 variable,,-152.695767,,33.850183,,8/7/2012,1950,1950,2
-151.89,34.7418333336632,0830,"8"" dia plastic float",F1 variable,,-151.89,,34.741833,,8/8/2012,0830,0830,7
-151.851966666752,34.78305,0911,"Two 8"" dia black plastic floats",F1 variable,,-151.851967,,34.78305,,8/8/2012,0911,0911,7
-151.828750000186,34.8055500002347,0930,"6"" piece white foam float",F1 variable,,-151.82875,,34.80555,,8/8/2012,0930,0930,7
-151.781400000088,34.8527166668326,1011,"18"" dia black plastic float","F1 ENE, 0' ww",,-151.7814,,34.852717,,8/8/2012,1011,1011,7
-151.769716666912,34.8653000000303,1021,"6""x3"" piece white plastic","F1 ENE, 0' ww",,-151.769717,,34.8653,,8/8/2012,1021,1021,2
-151.781533333433,34.8532500000071,1025,Two small pieces of white plastic,"F1 ENE, 0' ww",,-151.781533,,34.85325,,8/8/2012,1025,1025,2
-151.781533333433,34.8532500000071,1025,"Two 18"" dia black plastic floats","F1 ENE, 0' ww",,-151.781533,,34.85325,,8/8/2012,1025,1025,7
-151.758783333572,34.8762333333048,1030,3'x2' large black plastic float,"F1 ENE, 0' ww",,-151.758783,,34.876233,,8/8/2012,1030,1030,7
-151.756599999834,34.8785166668038,1032,Car tire with rim,"F1 ENE, 0' ww",,-151.7566,,34.878517,,8/8/2012,1032,1032,6
-151.756599999834,34.8785166668038,1032,Car tire with rim,"F1 ENE, 0' ww",,-151.7566,,34.878517,,8/8/2012,1032,1032,4
-151.738083333208,34.8948499999347,1047,Dark plastic bottle,"F1 ENE, 0' ww",,-151.738083,,34.89485,,8/8/2012,1047,1047,2
-151.735516666778,34.8974166663577,1050,"6"" sqr piece white plastic","F3 NE, 1-2' ww",,-151.735517,,34.897417,,8/8/2012,1050,1050,2
-151.741783333065,34.9083000002645,1057,Plastic bottle,"F3 NE, 1-2' ww",,-151.741783,,34.9083,,8/8/2012,1057,1057,2
-151.718766666516,34.9139333331943,1103,Small black object,"F3 NE, 1-2' ww",,-151.718767,,34.913933,,8/8/2012,1103,1103,8
-151.700399999677,34.9185833335071,1104,Two small black objects,"F3 NE, 1-2' ww",,-151.7004,,34.918583,,8/8/2012,1104,1104,8
-151.715066666659,34.9190833332282,1106,Small discolored object,"F3 NE, 1-2' ww",,-151.715067,,34.919083,,8/8/2012,1106,1106,8
-151.703866666631,34.9315333336217,1114,"2"" dia x 5"" long white plastic bottle","F3 NE, 1-2' ww",,-151.703867,,34.931533,,8/8/2012,1114,1114,2
-151.690583333322,34.9469500000696,1129,"6"" dia irregular orange object","F3 NE, 1-2' ww",,-151.690583,,34.94695,,8/8/2012,1129,1129,8
-151.671850000236,34.9663666664815,1150,"12""x6""x3"" block of orange foam","F2 NE, 1-2' ww",,-151.67185,,34.966367,,8/8/2012,1150,1150,1
-151.646049999898,34.9931833335242,1217,"10"" dia white float & green plastic jug","F1 E, 0' ww",,-151.64605,,34.993183,,8/8/2012,1217,1217,7
-151.646049999898,34.9931833335242,1217,"10"" dia white float & green plastic jug","F1 E, 0' ww",,-151.64605,,34.993183,,8/8/2012,1217,1217,2
-151.642166666469,34.9979499996879,1221,"4""x4""x1"" white foam","F1 E, 0' ww",,-151.642167,,34.99795,,8/8/2012,1221,1221,1
-151.636833333592,35.0047166666738,1226,Small white object,"F1 E, 0' ww",,-151.636833,,35.004717,,8/8/2012,1226,1226,8
-151.634633333411,35.0074999998432,1234,Small white object,"F1 E, 0' ww",,-151.634633,,35.0075,,8/8/2012,1234,1234,8
-151.633416666868,35.0090333336856,1234,"6""dia x 16"" long white object (boat fender?)","F1 E, 0' ww",,-151.633417,,35.009033,,8/8/2012,1234,1234,8
-151.630333333504,35.0128666668851,1234,Three white objects,"F1 E, 0' ww",,-151.630333,,35.012867,,8/8/2012,1234,1234,8
-151.628483333126,35.015249999889,1234,Three white objects,"F1 E, 0' ww",,-151.628483,,35.01525,,8/8/2012,1234,1234,8
-131.627016666927,35.0003833336635,1237,Two small chunks of foam,"F1 E, 0' ww",,-131.627017,,35.000383,,8/8/2012,1237,1237,1
-151.625583333336,35.0188000003497,1239,"12"" dia black plastic float","F1 SE, 0' ww",,-151.625583,,35.0188,,8/8/2012,1239,1239,7
-151.623599999614,35.0213999999834,1240,Small chunk of white foam,"F1 SE, 0' ww",,-151.6236,,35.0214,,8/8/2012,1240,1240,1
-151.621899999922,35.0236333330121,1241,"12"" dia white object","F1 SE, 0' ww",,-151.6219,,35.023633,,8/8/2012,1241,1241,8
-151.619516667066,35.0268666666554,1244,"12"" dia white object","F1 SE, 0' ww",,-151.619517,,35.026867,,8/8/2012,1244,1244,8
-151.618349999853,35.0282333332156,1245,"8""x3""x1"" discolored object","F1 SE, 0' ww",,-151.61835,,35.028233,,8/8/2012,1245,1245,8
-151.617450000228,35.0296666670062,1246,"Three 5""x3"" white roped net floats","F1 SE, 0' ww",,-151.61745,,35.029667,,8/8/2012,1246,1246,8
-151.61291666652,35.0360333329781,1251,"3""x3""x1"" chunk of white foam","F1 SE, 0' ww",,-151.612917,,35.036033,,8/8/2012,1251,1251,1
-151.606699999563,35.0453666668336,1259,"18"" dia net float","F1 SE, 0' ww",,-151.6067,,35.045367,,8/8/2012,1259,1259,7
-151.606699999563,35.0453666668336,1259,"Two 18"" dia floats with net mass","F1 SE, 0' ww",,-151.6067,,35.045367,,8/8/2012,1259,1259,7
-151.606699999563,35.0453666668336,1259,"Two 18"" dia floats with net mass","F1 SE, 0' ww",,-151.6067,,35.045367,,8/8/2012,1259,1259,8
-151.596899999651,35.0576999998896,1306,"8"" long piece of white foam & white float","F1 SE, 0' ww",,-151.5969,,35.0577,,8/8/2012,1306,1306,1
-151.596899999651,35.0576999998896,1306,"8"" long piece of white foam & white float","F1 SE, 0' ww",,-151.5969,,35.0577,,8/8/2012,1306,1306,7
-151.592766666874,35.0626166664611,1313,"18"" dia white buoy","F1 SE, 0' ww",,-151.592767,,35.062617,,8/8/2012,1313,1313,7
-151.578350000138,35.0788500000129,1339,"12"" dia orange foam w/ 2"" dia PVC pipe","F1 SE, 0' ww",,-151.57835,,35.07885,,8/8/2012,1339,1339,1
-151.578350000138,35.0788500000129,1339,"12"" dia orange foam w/ 2"" dia PVC pipe","F1 SE, 0' ww",,-151.57835,,35.07885,,8/8/2012,1339,1339,2
-151.910833332898,35.0781666669706,1340,Refridgerator without door,"F1 SE, 0' ww",,-151.910833,,35.078167,,8/8/2012,1340,1340,4
-151.57316666705,35.0672000000891,1349,"18"" dia white float & 12""x18"" flat plastic","F1 SE, 0' ww",,-151.573167,,35.0672,,8/8/2012,1349,1349,7
-151.57316666705,35.0672000000891,1349,"18"" dia white float & 12""x18"" flat plastic","F1 SE, 0' ww",,-151.573167,,35.0672,,8/8/2012,1349,1349,2
-151.57316666705,35.0672000000891,1349,"Two 12"" dia black floats & white plastic chunk","F1 SE, 0' ww",,-151.573167,,35.0672,,8/8/2012,1349,1349,7
-151.57316666705,35.0672000000891,1349,"Two 12"" dia black floats & white plastic chunk","F1 SE, 0' ww",,-151.573167,,35.0672,,8/8/2012,1349,1349,2
-151.566616666733,35.095116666897,1356,"6""x3"" small white float & white plastic bottle","F1 SE, 0' ww",,-151.566617,,35.095117,,8/8/2012,1356,1356,7
-151.566616666733,35.095116666897,1356,"6""x3"" small white float & white plastic bottle","F1 SE, 0' ww",,-151.566617,,35.095117,,8/8/2012,1356,1356,2
-151.560850000038,35.1041166669847,1402,"3""x3""x3""x1"" thick triangular shaped foam","F1 SE, 0' ww",,-151.56085,,35.104117,,8/8/2012,1402,1402,1
-151.558983333217,35.1065833333135,1405,Two small white foam chunks,"F1 SE, 0' ww",,-151.558983,,35.106583,,8/8/2012,1405,1405,1
-151.556783333035,35.1095666667364,1407,"Four white objects less than 12"" long","F1 SE, 0' ww",,-151.556783,,35.109567,,8/8/2012,1407,1407,8
-151.551149999685,35.1169999999151,1412,Three small pieces of white foam,"F1 SE, 0' ww",,-151.55115,,35.117,,8/8/2012,1412,1412,1
-151.551149999685,35.1169999999151,1412,"18"" dia x 24"" long white foam","F1 SE, 0' ww",,-151.55115,,35.117,,8/8/2012,1412,1412,1
-151.546816666892,35.121749999778,1416,"Six chunks white foam 2"" to 6"" long","F1 SE, 0' ww",,-151.546817,,35.12175,,8/8/2012,1416,1416,1
-151.543949999988,35.1256833336519,1419,Three chunks white foam,"F1 SE, 0' ww",,-151.54395,,35.125683,,8/8/2012,1419,1419,1
-151.543949999988,35.1256833336519,1419,"12""x4"" piece flat white foam","F1 SE, 0' ww",,-151.54395,,35.125683,,8/8/2012,1419,1419,1
-151.541050000197,35.1301333335337,1422,Two small chunks of foam,"F1 SE, 0' ww",,-151.54105,,35.130133,,8/8/2012,1422,1422,1
-151.538516666655,35.1339833331,1425,White foam or net float,"F1 SE, 0' ww",,-151.538517,,35.133983,,8/8/2012,1425,1425,7
-151.535416666847,35.1549666666934,1428,"1"" dia PVC elbow piece in orange foam","F1 SE, 0' ww",,-151.535417,,35.154967,,8/8/2012,1428,1428,2
-151.535416666847,35.1549666666934,1428,"1"" dia PVC elbow piece in orange foam","F1 SE, 0' ww",,-151.535417,,35.154967,,8/8/2012,1428,1428,1
-151.535416666847,35.1549666666934,1428,"6"" white foam piece","F1 SE, 0' ww",,-151.535417,,35.154967,,8/8/2012,1428,1428,1
-151.531266666729,35.1437499999142,1432,"Various small white foam pieces 1"" to 6"" long","F1 SE, 0' ww",,-151.531267,,35.14375,,8/8/2012,1432,1432,1
-151.526816667034,35.1500499997647,1437,"12"" piece white foam, field of microplastics","F1 SE, 0' ww",,-151.526817,,35.15005,,8/8/2012,1437,1437,1
-151.526816667034,35.1500499997647,1437,"12"" piece white foam, field of microplastics","F1 SE, 0' ww",,-151.526817,,35.15005,,8/8/2012,1437,1437,2
-151.526816667034,35.1500499997647,1437,"Twenty or more foam pieces 1-8"" long","F1 SE, 0' ww",,-151.526817,,35.15005,,8/8/2012,1437,1437,1
-151.524166666591,35.1535666664017,1441,Various small white foam pieces,"F1 SE, 0' ww",,-151.524167,,35.153567,,8/8/2012,1441,1441,1
-151.524166666591,35.1535666664017,1441,"Wooden turned post, 3' long x 3"" dia","F1 SE, 0' ww",,-151.524167,,35.153567,,8/8/2012,1441,1441,5
-151.519433333764,35.1598500002646,1446,"4"" sqr x 1/2"" thick white foam","F1 SE, 0' ww",,-151.519433,,35.15985,,8/8/2012,1446,1446,1
-151.51678333332,35.1583166667799,1448,Three white foam pieces,"F1 SE, 0' ww",,-151.516783,,35.158317,,8/8/2012,1448,1448,1
-151.514249999778,35.1661166664569,1450,"Three white foam pieces, one was 24"" sqr x 1"" thick","F1 SE, 0' ww",,-151.51425,,35.166117,,8/8/2012,1450,1450,1
-151.512600000315,35.1527833330533,1454,"Three chunks white foam, 2"" to 6"" long","F1 SE, 0' ww",,-151.5126,,35.152783,,8/8/2012,1454,1454,1
-151.508833332888,35.1737,1457,3' dia mass of fish netting,"F1 SE, 0' ww",,-151.508833,,35.1737,,8/8/2012,1457,1457,8
-151.506233333571,35.1765333335421,1506,"Four chunks white foam, 2"" to 4"" long","F1 SE, 0' ww",,-151.506233,,35.176533,,8/8/2012,1506,1506,1
-151.491600000375,35.1944666665007,1513,"12"" dia red plastic buoy","F1 SE, 0' ww",,-151.4916,,35.194467,,8/8/2012,1513,1513,7
-151.432450000199,35.2701666668164,1615,Plastic water bottle,"F1 SE, 0' ww",,-151.43245,,35.270167,,8/8/2012,1615,1615,2
-151.409033333617,35.3002833334163,1636,"12"" float, plastic bottle, 12"" sqr plastic sheet","F1 SE, 0' ww",,-151.409033,,35.300283,,8/8/2012,1636,1636,7
-151.409033333617,35.3002833334163,1636,"12"" float, plastic bottle, 12"" sqr plastic sheet","F1 SE, 0' ww",,-151.409033,,35.300283,,8/8/2012,1636,1636,2
-151.407550000385,35.3023333333437,1638,"18"" piece yellow foam","F1 SE, 0' ww",,-151.40755,,35.302333,,8/8/2012,1638,1638,1
-151.352083333623,35.3672333330807,1724,1' dia white plastic buoy,"F1 SE, 0' ww",,-151.352083,,35.367233,,8/8/2012,1724,1724,7
-151.347933333504,35.3717333331392,1728,Plastic water bottle,"F1 SE, 0' ww",,-151.347933,,35.371733,,8/8/2012,1728,1728,2
-150.064250000229,36.7990333331973,1303,5 gallon white plastic bucket,"F4 SSE, 2' ww",,-150.06425,,36.799033,,8/9/2012,1303,1303,2
-150.054549999876,36.8076833335555,1312,"8"" long red light bulb","F4 SSE, 2' ww",,-150.05455,,36.807683,,8/9/2012,1312,1312,3
-150.05336666622,36.8374333334255,1334,"Glass bottle, shaped like Snapple","F4 SSE, 2' ww",,-150.053367,,36.837433,,8/9/2012,1334,1334,3
-149.977233333777,36.8752833334783,1403,Plastic bottle,"F4 SSE, 2' ww",,-149.977233,,36.875283,,8/9/2012,1403,1403,2
-149.936666666899,36.9088333329807,1426,"12"" dia red plastic float","F4 SSE, 2' ww",,-149.936667,,36.908833,,8/9/2012,1426,1426,7
-149.613766666694,37.1748166664136,1751,"24"" sqr x 4"" thick chunk of yellow foam","F4 SSE, 2' ww",,-149.613767,,37.174817,,8/9/2012,1751,1751,1
-149.59471666669,37.1901666663473,1804,Small plastic shopping basket,"F4 SSW, 2' ww",,-149.594717,,37.190167,,8/9/2012,1804,1804,2
-149.328833333151,37.3950166665122,2128,5 gallon white plastic bucket,"F4 SSW, 2' ww",,-149.328833,,37.395017,,8/9/2012,2128,2128,2
-149.306816666685,37.4150166665597,2146,"8"" dia chunk of yellow foam","F4 SSW, 2' ww",,-149.306817,,37.415017,,8/9/2012,2146,2146,1
-149.272949999912,37.443,2210,1' dia black plastic float,"F4 SSW, 2' ww",,-149.27295,,37.443,,8/9/2012,2210,2210,7
-148.157983333109,38.428566666962,1045,1' dia glass float w/ netting (recovered),"F4 NW, 3-4' ww",,-148.157983,,38.428567,,8/10/2012,1045,1045,3
-148.157983333109,38.428566666962,1045,1' dia glass float w/ netting (recovered),"F4 NW, 3-4' ww",,-148.157983,,38.428567,,8/10/2012,1045,1045,8
-147.687499999716,38.9501833330961,1649,"10"" dia white float","F4 NW, 3-4' ww",,-147.6875,,38.950183,,8/10/2012,1649,1649,7
-147.666083333299,38.9749166665555,1705,White plastic bottle,"F4 NW, 3-4' ww",,-147.666083,,38.974917,,8/10/2012,1705,1705,2
-147.621749999893,39.02433333337,1736,"5"" long piece white foam","F4 NW, 3-4' ww",,-147.62175,,39.024333,,8/10/2012,1736,1736,1
-147.611766666408,39.0349666665905,1742,Small tire w/ rim,"F4 NW, 3-4' ww",,-147.611767,,39.034967,,8/10/2012,1742,1742,6
-147.611766666408,39.0349666665905,1742,Small tire w/ rim,"F4 NW, 3-4' ww",,-147.611767,,39.034967,,8/10/2012,1742,1742,4
-147.61058333365,39.0363500000499,1743,1' dia black plastic float,"F4 NW, 3-4' ww",,-147.610583,,39.03635,,8/10/2012,1743,1743,7
-147.454749999556,39.1763666667704,1936,"12"" dia white float","F4 NW, 3-4' ww",,-147.45475,,39.176367,,8/10/2012,1936,1936,7
-147.427516667114,39.1997500000345,1950,"Two 12"" dia glass floats, tied together with netting (recovered)","F2 W, 1-2' ww",,-147.427517,,39.19975,,8/10/2012,1950,1950,3
-147.427516667114,39.1997500000345,1950,"Two 12"" dia glass floats, tied together with netting (recovered)","F2 W, 1-2' ww",,-147.427517,,39.19975,,8/10/2012,1950,1950,8
-147.332400000441,39.2855833335382,2158,6'x4'x3' section of foam filled concrete dock,"F2 W, 1-2' ww",,-147.3324,,39.285583,,8/10/2012,2158,2158,8
-146.37799999966,40.1406500000482,0830,4'x4'x3' white plastic fishing tote box,"F4 W, 4-5' ww",,-146.378,,40.14065,,8/11/2012,0830,0830,2
-146.376916666462,40.1491666666279,0840,"18"" dia x 30' long log/pole","F4 W, 4-5' ww",,-146.376917,,40.149167,,8/11/2012,0840,0840,5
-146.368083333746,40.0746833330242,0845,"14""x20"" oblong orange float","F4 W, 4-5' ww",,-146.368083,,40.074683,,8/11/2012,0845,0845,7
-146.349033333742,40.2759333336419,0857,"18"" dia black plastic float w/ mass of rope","F4 W, 4-5' ww",,-146.349033,,40.275933,,8/11/2012,0857,0857,7
-146.349033333742,40.2759333336419,0857,"18"" dia black plastic float w/ mass of rope","F4 W, 4-5' ww",,-146.349033,,40.275933,,8/11/2012,0857,0857,8
-133.501166666296,40.7995500000489,1548,"8' long x 12-16"" dia log/pole","F4 SE, 2-4' ww",,-133.501167,,40.79955,,8/11/2012,1548,1548,5
-145.060283333381,41.0004500001941,1830,"50' long capsized boat w/ marine growth, asian design","F4 SE, 2-4' ww",,-145.060283,,41.00045,,8/11/2012,1830,1830,8
-142.431883333391,42.2720833334183,1311,55 gallon sized white plastic drum,"F4 SE, 2-4' ww",,-142.431883,,42.272083,,8/12/2012,1311,1311,2
-142.142266666352,42.3985666664763,1509,"10' long x 14"" dia log/pole","F3 SE, 3-4' ww",,-142.142267,,42.398567,,<Null>,1509,1509,5
-141.841816666431,42.5512833330599,1714,"8"" long piece of white foam","F3 S, 2-3' ww",,-141.841817,,42.551283,,<Null>,1714,1714,1
-141.774783333393,42.5825833330205,1743,"10-12"" fishing float","F3 S, 2-3' ww",,-141.774783,,42.582583,,<Null>,1743,1743,7
-138.420666666678,43.9460999997175,2050,Three 1' dia black plastic floats (recovered),"F3 W, 2-3' ww",,-138.420667,,43.9461,,8/13/2012,2050,2050,7
